{
  "entity.fish.swim": {
    "sounds": [
	  { "name": "entity/fish/swim1", "weight": 1, "volume": 1 },
	  { "name": "entity/fish/swim2", "weight": 1, "volume": 1 },
	  { "name": "entity/fish/swim3", "weight": 1, "volume": 1 },
	  { "name": "entity/fish/swim4", "weight": 1, "volume": 1 },
	  { "name": "entity/fish/swim5", "weight": 1, "volume": 1 },
	  { "name": "entity/fish/swim6", "weight": 1, "volume": 1 },
	  { "name": "entity/fish/swim7", "weight": 1, "volume": 1 },
	  { "name": "ambience/beach/wave1", "weight": 10, "volume": 1, "attenuation_distance": 128 },
	  { "name": "ambience/beach/wave2", "weight": 10, "volume": 1, "attenuation_distance": 128 }
    ], 
    "replace": true
  },
  "entity.salmon.ambient": {
    "sounds": [
	  { "name": "ambience/beach/water", "stream": true, "weight": 1, "volume": 0.30 }
    ], 
    "replace": true
  },
  "entity.cod.ambient": {
    "sounds": [
	  { "name": "ambience/beach/water", "stream": true, "weight": 1, "volume": 0.30 }
    ], 
    "replace": true
  },
  "entity.tropical_fish.ambient": {
    "sounds": [
	  { "name": "ambience/beach/water", "stream": true, "weight": 1, "volume": 0.30 }
    ], 
    "replace": true
  },
  "entity.puffer_fish.ambient": {
    "sounds": [
	  { "name": "ambience/beach/water", "stream": true, "weight": 1, "volume": 0.30 }
    ], 
    "replace": true
  },
  "entity.drowned.ambient": {
    "sounds": [
	  { "name": "mob/drowned/idle1", "weight": 1, "volume": 1 },
	  { "name": "mob/drowned/idle2", "weight": 1, "volume": 1 },
	  { "name": "mob/drowned/idle3", "weight": 1, "volume": 1 },
	  { "name": "mob/drowned/idle4", "weight": 1, "volume": 1 },
	  { "name": "mob/drowned/idle5", "weight": 1, "volume": 1 },
	  { "name": "ambience/beach/water", "stream": true, "weight": 10, "volume": 0.30 }
    ], 
    "replace": true
  },
  "entity.drowned.ambient_water": {
    "sounds": [
	  { "name": "mob/drowned/water/idle1", "weight": 1, "volume": 1 },
	  { "name": "mob/drowned/water/idle2", "weight": 1, "volume": 1 },
	  { "name": "mob/drowned/water/idle3", "weight": 1, "volume": 1 },
	  { "name": "mob/drowned/water/idle4", "weight": 1, "volume": 1 },
	  { "name": "ambience/beach/wave1", "weight": 10, "volume": 1, "attenuation_distance": 80 },
	  { "name": "ambience/beach/wave2", "weight": 10, "volume": 1, "attenuation_distance": 80 }
    ], 
    "replace": true
  },
  "entity.dolphin.ambient": {
    "sounds": [
	  { "name": "mob/dolphin/idle1", "weight": 1, "volume": 1 },
	  { "name": "mob/dolphin/idle2", "weight": 1, "volume": 1 },
	  { "name": "mob/dolphin/idle3", "weight": 1, "volume": 1 },
	  { "name": "mob/dolphin/idle4", "weight": 1, "volume": 1 },
	  { "name": "mob/dolphin/idle5", "weight": 1, "volume": 1 },
	  { "name": "mob/dolphin/idle6", "weight": 1, "volume": 1 },
	  { "name": "ambience/beach/water", "stream": true, "weight": 12, "volume": 0.30 }
    ], 
    "replace": true
  },
  "entity.dolphin.ambient_water": {
    "sounds": [
	  { "name": "mob/dolphin/idle_water1", "weight": 1, "volume": 1 },
	  { "name": "mob/dolphin/idle_water2", "weight": 1, "volume": 1 },
	  { "name": "mob/dolphin/idle_water3", "weight": 1, "volume": 1 },
	  { "name": "mob/dolphin/idle_water4", "weight": 1, "volume": 1 },
	  { "name": "mob/dolphin/idle_water5", "weight": 1, "volume": 1 },
	  { "name": "mob/dolphin/idle_water6", "weight": 1, "volume": 1 },
	  { "name": "mob/dolphin/idle_water7", "weight": 1, "volume": 1 },
	  { "name": "mob/dolphin/idle_water8", "weight": 1, "volume": 1 },
	  { "name": "mob/dolphin/idle_water9", "weight": 1, "volume": 1 },
	  { "name": "mob/dolphin/idle_water10", "weight": 1, "volume": 1 },
	  { "name": "ambience/beach/wave1", "weight": 15, "volume": 1, "attenuation_distance": 80 },
	  { "name": "ambience/beach/wave2", "weight": 15, "volume": 1, "attenuation_distance": 80 }
    ], 
    "replace": true
  },
  "entity.squid.ambient": {
    "sounds": [
	  { "name": "entity/squid/ambient1", "weight": 1, "volume": 1 },
	  { "name": "entity/squid/ambient2", "weight": 1, "volume": 1 },
	  { "name": "entity/squid/ambient3", "weight": 1, "volume": 1 },
	  { "name": "entity/squid/ambient4", "weight": 1, "volume": 1 },
	  { "name": "entity/squid/ambient5", "weight": 1, "volume": 1 },
	  { "name": "ambience/beach/water", "stream": true, "weight": 15, "volume": 0.30 },
	  { "name": "ambience/beach/wave1", "weight": 5, "volume": 1, "attenuation_distance": 80 },
	  { "name": "ambience/beach/wave2", "weight": 5, "volume": 1, "attenuation_distance": 80 }
    ], 
    "replace": true
  },
  "entity.glow_squid.ambient": {
    "sounds": [
	  { "name": "entity/glow_squid/ambient1", "weight": 1, "volume": 1 },
	  { "name": "entity/glow_squid/ambient2", "weight": 1, "volume": 1 },
	  { "name": "entity/glow_squid/ambient3", "weight": 1, "volume": 1 },
	  { "name": "entity/glow_squid/ambient4", "weight": 1, "volume": 1 },
	  { "name": "entity/glow_squid/ambient5", "weight": 1, "volume": 1 },
	  { "name": "ambience/beach/water", "stream": true, "weight": 15, "volume": 0.30 },
	  { "name": "ambience/beach/wave1", "weight": 5, "volume": 1, "attenuation_distance": 80 },
	  { "name": "ambience/beach/wave2", "weight": 5, "volume": 1, "attenuation_distance": 80 }
    ], 
    "replace": true
  },
  "block.grass.step": {
    "sounds": [
	  { "name": "step/grass1", "volume": 1 },
	  { "name": "step/grass2", "volume": 1 },
	  { "name": "step/grass3", "volume": 1 },
	  { "name": "step/grass4", "volume": 1 },
	  { "name": "step/grass5", "volume": 1 },
	  { "name": "step/grass6", "volume": 1 },
	  { "name": "ambience/forest/normal_wind", "stream": true, "weight": 1, "volume": 0.80 },
	  { "name": "ambience/forest/tree_wind", "stream": true, "weight": 1, "volume": 1 }
    ], 
    "replace": true
  },
  "block.moss.step": {
    "sounds": [
	  { "name": "block/moss/step1", "volume": 1 },
	  { "name": "block/moss/step2", "volume": 1 },
	  { "name": "block/moss/step3", "volume": 1 },
	  { "name": "block/moss/step4", "volume": 1 },
	  { "name": "block/moss/step5", "volume": 1 },
	  { "name": "block/moss/step6", "volume": 1 },
	  { "name": "ambience/forest/tree_wind", "stream": true, "weight": 1, "volume": 1 },
	  { "name": "ambience/forest/subtle_wind", "stream": true, "weight": 1, "volume": 1 }
    ], 
    "replace": true
  },
  "block.mud.step": {
    "sounds": [
	  { "name": "block/mud/step1", "volume": 1 },
	  { "name": "block/mud/step2", "volume": 1 },
	  { "name": "block/mud/step3", "volume": 1 },
	  { "name": "block/mud/step4", "volume": 1 },
	  { "name": "block/mud/step5", "volume": 1 },
	  { "name": "block/mud/step6", "volume": 1 },
	  { "name": "ambience/forest/normal_wind_swamp", "stream": true, "weight": 1, "volume": 0.75 },
	  { "name": "ambience/forest/tree_wind", "stream": true, "weight": 1, "volume": 1 }
    ], 
    "replace": true
  },
  "block.gravel.step": {
    "sounds": [
	  { "name": "step/gravel1", "volume": 1 },
	  { "name": "step/gravel2", "volume": 1 },
	  { "name": "step/gravel3", "volume": 1 },
	  { "name": "step/gravel4", "volume": 1 },
	  { "name": "ambience/forest/subtle_wind", "stream": true, "weight": 1, "volume": 1 }
    ], 
    "replace": true
  },
  "block.stone.step": {
    "sounds": [
	  { "name": "step/stone1", "volume": 1 },
	  { "name": "step/stone2", "volume": 1 },
	  { "name": "step/stone3", "volume": 1 },
	  { "name": "step/stone4", "volume": 1 },
	  { "name": "step/stone5", "volume": 1 },
	  { "name": "step/stone6", "volume": 1 },
	  { "name": "ambience/environment/outside1", "stream": true, "weight": 1, "volume": 1 },
	  { "name": "ambience/environment/outside2", "stream": true, "weight": 1, "volume": 1 }
    ], 
    "replace": true
  },
  "block.calcite.step": {
    "sounds": [
	  { "name": "block/calcite/step1", "volume": 1 },
	  { "name": "block/calcite/step2", "volume": 1 },
	  { "name": "block/calcite/step3", "volume": 1 },
	  { "name": "block/calcite/step4", "volume": 1 },
	  { "name": "block/calcite/step5", "volume": 1 },
	  { "name": "block/calcite/step6", "volume": 1 },
	  { "name": "ambience/environment/outside_distant", "stream": true, "weight": 1, "volume": 1 }
    ], 
    "replace": true
  },
  "block.amethyst_block.step": {
    "sounds": [
	  { "name": "block/methyst/step1", "volume": 1 },
	  { "name": "block/methyst/step2", "volume": 1 },
	  { "name": "block/methyst/step3", "volume": 1 },
	  { "name": "block/methyst/step4", "volume": 1 },
	  { "name": "block/methyst/step5", "volume": 1 },
	  { "name": "block/methyst/step6", "volume": 1 },
	  { "name": "block/methyst/step7", "volume": 1 },
	  { "name": "block/methyst/step8", "volume": 1 },
	  { "name": "block/methyst/step9", "volume": 1 },
	  { "name": "block/methyst/step10", "volume": 1 },
	  { "name": "block/methyst/step11", "volume": 1 },
	  { "name": "block/methyst/step12", "volume": 1 },
	  { "name": "block/methyst/step13", "volume": 1 },
	  { "name": "block/methyst/step14", "volume": 1 },
	  { "name": "ambience/environment/outside_distant", "stream": true, "weight": 2, "volume": 1 }
    ], 
    "replace": true
  },
  "block.deepslate.step": {
    "sounds": [
	  { "name": "block/deepslate/step1", "volume": 1 },
	  { "name": "block/deepslate/step2", "volume": 1 },
	  { "name": "block/deepslate/step3", "volume": 1 },
	  { "name": "block/deepslate/step4", "volume": 1 },
	  { "name": "block/deepslate/step5", "volume": 1 },
	  { "name": "block/deepslate/step6", "volume": 1 },
	  { "name": "ambience/environment/outside1", "stream": true, "weight": 1, "volume": 1 },
	  { "name": "ambience/environment/outside_distant", "stream": true, "weight": 1, "volume": 1 }
    ], 
    "replace": true
  },
  "block.wood.step": {
    "sounds": [
	  { "name": "step/wood1", "volume": 1 },
	  { "name": "step/wood2", "volume": 1 },
	  { "name": "step/wood3", "volume": 1 },
	  { "name": "step/wood4", "volume": 1 },
	  { "name": "step/wood5", "volume": 1 },
	  { "name": "step/wood6", "volume": 1 },
	  { "name": "ambience/environment/outside1", "stream": true, "weight": 1, "volume": 1 },
	  { "name": "ambience/environment/outside2", "stream": true, "weight": 1, "volume": 1 }
    ], 
    "replace": true
  },
  "block.sand.step": {
    "sounds": [
	  { "name": "step/sand1", "volume": 1 },
	  { "name": "step/sand2", "volume": 1 },
	  { "name": "step/sand3", "volume": 1 },
	  { "name": "step/sand4", "volume": 1 },
	  { "name": "step/sand5", "volume": 1 },
	  { "name": "ambience/environment/outside1", "stream": true, "weight": 1, "volume": 1 },
	  { "name": "ambience/environment/outside2", "stream": true, "weight": 1, "volume": 1 }
    ], 
    "replace": true
  },
  "block.glass.step": {
    "sounds": [
	  { "name": "step/glass1", "volume": 1 },
	  { "name": "step/glass2", "volume": 1 },
	  { "name": "step/glass3", "volume": 1 },
	  { "name": "step/glass4", "volume": 1 },
	  { "name": "ambience/snowy_plains/distant_wind", "stream": true, "weight": 1, "volume": 1 },
	  { "name": "ambience/environment/outside_distant", "stream": true, "weight": 1, "volume": 1 }
	  
    ], 
    "replace": true
  },
  "block.snow.step": {
    "sounds": [
	  { "name": "step/snow1", "volume": 1 },
	  { "name": "step/snow2", "volume": 1 },
	  { "name": "step/snow3", "volume": 1 },
	  { "name": "step/snow4", "volume": 1 },
	  { "name": "ambience/snowy_plains/somber_wind", "stream": true, "weight": 1, "volume": 1 },
	  { "name": "ambience/snowy_plains/distant_wind", "stream": true, "weight": 1, "volume": 1 }
    ], 
    "replace": true
  },
  "block.netherrack.step": {
    "sounds": [
	  { "name": "block/netherrack/step1", "volume": 1 },
	  { "name": "block/netherrack/step2", "volume": 1 },
	  { "name": "block/netherrack/step3", "volume": 1 },
	  { "name": "block/netherrack/step4", "volume": 1 },
	  { "name": "block/netherrack/step5", "volume": 1 },
	  { "name": "block/netherrack/step6", "volume": 1 },
	  { "name": "ambience/environment/outside1", "stream": true, "weight": 1, "volume": 1 }
    ], 
    "replace": true
  },
  "block.nether_bricks.step": {
    "sounds": [
	  { "name": "block/nether_bricks/step1", "volume": 1 },
	  { "name": "block/nether_bricks/step2", "volume": 1 },
	  { "name": "block/nether_bricks/step3", "volume": 1 },
	  { "name": "block/nether_bricks/step4", "volume": 1 },
	  { "name": "block/nether_bricks/step5", "volume": 1 },
	  { "name": "block/nether_bricks/step6", "volume": 1 },
	  { "name": "ambience/environment/outside1", "stream": true, "weight": 1, "volume": 1 }
    ], 
    "replace": true
  }
}